Day,Time Slot,Position 1,Position 2,Position 3,Position 4,Position 5,Position 6,Position 7
1,1,Controller 3,Controller 10,Controller 1,Controller 0,Controller 19,Controller 15,Controller 22
1,2,Controller 3,Controller 10,Controller 1,Controller 0,Controller 19,Controller 7,Controller 22
1,3,Controller 1,Controller 9,Controller 4,Controller 21,Controller 8,Controller 2,Controller 10
1,4,Controller 1,Controller 9,Controller 4,Controller 11,Controller 12,Controller 2,Controller 10
1,5,Controller 16,Controller 10,Controller 21,Controller 0,Controller 22,Controller 15,Controller 14
1,6,Controller 16,Controller 11,Controller 18,Controller 9,Controller 2,Controller 15,Controller 6
1,7,Controller 16,Controller 10,Controller 1,Controller 3,Controller 21,Controller 15,Controller 6
1,8,Controller 16,Controller 10,Controller 1,Controller 0,Controller 19,Controller 15,Controller 22
1,9,Controller 3,Controller 10,Controller 12,Controller 0,Controller 19,Controller 7,Controller 22
1,10,Controller 13,Controller 20,Controller 1,Controller 8,Controller 2,Controller 15,Controller 11
1,11,Controller 16,Controller 10,Controller 18,Controller 9,Controller 21,Controller 15,Controller 6
1,12,Controller 8,Controller 22,Controller 4,Controller 17,Controller 12,Controller 2,Controller 10
1,13,Controller 16,Controller 9,Controller 20,Controller 18,Controller 14,Controller 12,Controller 22
1,14,Controller 15,Controller 20,Controller 4,Controller 11,Controller 12,Controller 2,Controller 10
1,15,Controller 13,Controller 20,Controller 18,Controller 9,Controller 7,Controller 15,Controller 6
1,16,Controller 8,Controller 11,Controller 2,Controller 3,Controller 1,Controller 19,Controller 5
2,1,Controller 3,Controller 15,Controller 20,Controller 7,Controller 19,Controller 1,Controller 12
2,2,Controller 1,Controller 9,Controller 4,Controller 18,Controller 14,Controller 13,Controller 10
2,3,Controller 1,Controller 9,Controller 6,Controller 21,Controller 14,Controller 12,Controller 10
2,4,Controller 1,Controller 9,Controller 4,Controller 17,Controller 16,Controller 6,Controller 10
2,5,Controller 15,Controller 2,Controller 17,Controller 20,Controller 22,Controller 10,Controller 12
2,6,Controller 15,Controller 2,Controller 18,Controller 1,Controller 22,Controller 3,Controller 21
2,7,Controller 18,Controller 2,Controller 17,Controller 10,Controller 16,Controller 6,Controller 9
2,8,Controller 1,Controller 2,Controller 17,Controller 19,Controller 16,Controller 3,Controller 12
2,9,Controller 3,Controller 8,Controller 20,Controller 11,Controller 19,Controller 1,Controller 22
2,10,Controller 18,Controller 2,Controller 17,Controller 19,Controller 16,Controller 6,Controller 7
2,11,Controller 15,Controller 2,Controller 8,Controller 10,Controller 16,Controller 6,Controller 9
2,12,Controller 15,Controller 9,Controller 4,Controller 17,Controller 12,Controller 2,Controller 21
2,13,Controller 1,Controller 9,Controller 20,Controller 18,Controller 16,Controller 10,Controller 12
2,14,Controller 15,Controller 9,Controller 4,Controller 17,Controller 16,Controller 6,Controller 21
2,15,Controller 15,Controller 2,Controller 17,Controller 19,Controller 16,Controller 3,Controller 21
2,16,Controller 15,Controller 22,Controller 4,Controller 17,Controller 1,Controller 10,Controller 5
3,1,Controller 13,Controller 21,Controller 12,Controller 8,Controller 7,Controller 15,Controller 16
3,2,Controller 13,Controller 21,Controller 12,Controller 8,Controller 7,Controller 10,Controller 16
3,3,Controller 1,Controller 9,Controller 6,Controller 21,Controller 14,Controller 13,Controller 10
3,4,Controller 1,Controller 0,Controller 18,Controller 17,Controller 7,Controller 15,Controller 21
3,5,Controller 14,Controller 0,Controller 18,Controller 9,Controller 7,Controller 15,Controller 6
3,6,Controller 14,Controller 22,Controller 18,Controller 17,Controller 7,Controller 15,Controller 5
3,7,Controller 14,Controller 22,Controller 12,Controller 3,Controller 7,Controller 15,Controller 16
3,8,Controller 13,Controller 0,Controller 18,Controller 9,Controller 7,Controller 15,Controller 16
3,9,Controller 13,Controller 21,Controller 12,Controller 3,Controller 7,Controller 20,Controller 16
3,10,Controller 13,Controller 20,Controller 18,Controller 8,Controller 7,Controller 15,Controller 16
3,11,Controller 14,Controller 22,Controller 18,Controller 3,Controller 7,Controller 15,Controller 5
3,12,Controller 1,Controller 9,Controller 4,Controller 17,Controller 12,Controller 20,Controller 21
3,13,Controller 1,Controller 0,Controller 21,Controller 18,Controller 7,Controller 12,Controller 22
3,14,Controller 14,Controller 22,Controller 18,Controller 17,Controller 7,Controller 15,Controller 21
3,15,Controller 14,Controller 0,Controller 4,Controller 17,Controller 7,Controller 15,Controller 21
3,16,Controller 14,Controller 22,Controller 2,Controller 3,Controller 7,Controller 15,Controller 16
4,1,Controller 13,Controller 15,Controller 6,Controller 11,Controller 10,Controller 21,Controller 16
4,2,Controller 14,Controller 5,Controller 6,Controller 11,Controller 3,Controller 21,Controller 16
4,3,Controller 19,Controller 16,Controller 6,Controller 21,Controller 14,Controller 13,Controller 10
4,4,Controller 1,Controller 20,Controller 18,Controller 11,Controller 12,Controller 13,Controller 10
4,5,Controller 16,Controller 5,Controller 19,Controller 11,Controller 9,Controller 13,Controller 15
4,6,Controller 14,Controller 16,Controller 18,Controller 11,Controller 12,Controller 13,Controller 21
4,7,Controller 14,Controller 15,Controller 19,Controller 12,Controller 9,Controller 21,Controller 7
4,8,Controller 16,Controller 20,Controller 18,Controller 11,Controller 9,Controller 13,Controller 6
4,9,Controller 2,Controller 15,Controller 6,Controller 11,Controller 9,Controller 21,Controller 22
4,10,Controller 14,Controller 5,Controller 17,Controller 12,Controller 3,Controller 13,Controller 7
4,11,Controller 14,Controller 22,Controller 19,Controller 12,Controller 3,Controller 21,Controller 7
4,12,Controller 8,Controller 16,Controller 4,Controller 17,Controller 12,Controller 2,Controller 21
4,13,Controller 16,Controller 5,Controller 21,Controller 11,Controller 9,Controller 13,Controller 22
4,14,Controller 8,Controller 20,Controller 4,Controller 17,Controller 12,Controller 6,Controller 10
4,15,Controller 14,Controller 5,Controller 6,Controller 11,Controller 3,Controller 13,Controller 10
4,16,Controller 8,Controller 22,Controller 2,Controller 12,Controller 3,Controller 21,Controller 17
5,1,Controller 3,Controller 8,Controller 20,Controller 17,Controller 18,Controller 7,Controller 22
5,2,Controller 3,Controller 20,Controller 4,Controller 17,Controller 13,Controller 2,Controller 10
5,3,Controller 1,Controller 9,Controller 4,Controller 21,Controller 8,Controller 2,Controller 10
5,4,Controller 3,Controller 9,Controller 4,Controller 17,Controller 11,Controller 2,Controller 10
5,5,Controller 1,Controller 9,Controller 4,Controller 17,Controller 22,Controller 6,Controller 10
5,6,Controller 8,Controller 20,Controller 18,Controller 17,Controller 11,Controller 2,Controller 5
5,7,Controller 3,Controller 20,Controller 4,Controller 17,Controller 13,Controller 6,Controller 11
5,8,Controller 3,Controller 9,Controller 4,Controller 17,Controller 12,Controller 2,Controller 5
5,9,Controller 3,Controller 8,Controller 20,Controller 17,Controller 18,Controller 2,Controller 22
5,10,Controller 3,Controller 20,Controller 22,Controller 19,Controller 2,Controller 6,Controller 11
5,11,Controller 3,Controller 20,Controller 22,Controller 17,Controller 13,Controller 6,Controller 11
5,12,Controller 8,Controller 9,Controller 4,Controller 17,Controller 12,Controller 2,Controller 5
5,13,Controller 3,Controller 9,Controller 20,Controller 18,Controller 8,Controller 2,Controller 22
5,14,Controller 8,Controller 20,Controller 4,Controller 17,Controller 11,Controller 2,Controller 5
5,15,Controller 3,Controller 20,Controller 22,Controller 17,Controller 13,Controller 2,Controller 11
5,16,Controller 8,Controller 11,Controller 4,Controller 13,Controller 1,Controller 20,Controller 5
6,1,Controller 13,Controller 6,Controller 12,Controller 5,Controller 7,Controller 20,Controller 0
6,2,Controller 13,Controller 6,Controller 4,Controller 12,Controller 7,Controller 19,Controller 0
6,3,Controller 8,Controller 6,Controller 4,Controller 5,Controller 1,Controller 20,Controller 0
6,4,Controller 8,Controller 6,Controller 18,Controller 5,Controller 1,Controller 19,Controller 0
6,5,Controller 8,Controller 11,Controller 4,Controller 3,Controller 7,Controller 19,Controller 0
6,6,Controller 14,Controller 11,Controller 18,Controller 12,Controller 7,Controller 19,Controller 0
6,7,Controller 8,Controller 11,Controller 4,Controller 12,Controller 7,Controller 19,Controller 0
6,8,Controller 13,Controller 6,Controller 18,Controller 5,Controller 7,Controller 19,Controller 0
6,9,Controller 13,Controller 6,Controller 12,Controller 5,Controller 1,Controller 19,Controller 22
6,10,Controller 14,Controller 11,Controller 18,Controller 8,Controller 7,Controller 19,Controller 0
6,11,Controller 14,Controller 11,Controller 18,Controller 3,Controller 7,Controller 19,Controller 0
6,12,Controller 8,Controller 9,Controller 4,Controller 17,Controller 1,Controller 2,Controller 5
6,13,Controller 13,Controller 6,Controller 4,Controller 5,Controller 1,Controller 19,Controller 0
6,14,Controller 14,Controller 11,Controller 18,Controller 13,Controller 3,Controller 19,Controller 5
6,15,Controller 14,Controller 11,Controller 18,Controller 5,Controller 7,Controller 19,Controller 0
6,16,Controller 13,Controller 11,Controller 4,Controller 5,Controller 1,Controller 19,Controller 0
7,1,Controller 13,Controller 5,Controller 1,Controller 0,Controller 19,Controller 8,Controller 14
7,2,Controller 14,Controller 5,Controller 19,Controller 11,Controller 2,Controller 13,Controller 16
7,3,Controller 19,Controller 5,Controller 6,Controller 21,Controller 14,Controller 20,Controller 10
7,4,Controller 14,Controller 20,Controller 18,Controller 19,Controller 22,Controller 6,Unassigned
7,5,Controller 14,Controller 5,Controller 21,Controller 0,Controller 22,Controller 8,Unassigned
7,6,Controller 14,Controller 5,Controller 4,Controller 9,Controller 22,Controller 8,Controller 21
7,7,Controller 14,Controller 5,Controller 4,Controller 10,Controller 9,Controller 8,Unassigned
7,8,Controller 14,Controller 5,Controller 20,Controller 0,Unassigned,Controller 8,Unassigned
7,9,Controller 16,Controller 5,Controller 20,Controller 0,Unassigned,Unassigned,Unassigned
7,10,Controller 8,Controller 20,Controller 4,Unassigned,Controller 16,Unassigned,Controller 0
7,11,Controller 0,Unassigned,Unassigned,Unassigned,Unassigned,Unassigned,Unassigned
7,12,Controller 0,Unassigned,Unassigned,Unassigned,Unassigned,Unassigned,Unassigned
7,13,Controller 0,Unassigned,Unassigned,Unassigned,Unassigned,Unassigned,Unassigned
7,14,Controller 0,Unassigned,Unassigned,Unassigned,Unassigned,Unassigned,Unassigned
7,15,Unassigned,Unassigned,Unassigned,Unassigned,Unassigned,Unassigned,Unassigned
7,16,Unassigned,Unassigned,Unassigned,Unassigned,Unassigned,Unassigned,Unassigned
