Day,Time Slot,Position 1,Position 2,Position 3,Position 4,Position 5,Position 6,Position 7
1,1,Controller 3,Controller 19,Controller 5,Controller 14,Controller 17,Controller 1,Controller 12
1,2,Controller 10,Controller 4,Controller 0,Controller 1,Controller 19,Controller 20,Controller 14
1,3,Controller 6,Controller 16,Controller 10,Controller 12,Controller 15,Controller 8,Unassigned
1,4,Controller 9,Controller 12,Controller 6,Controller 8,Controller 2,Unassigned,Controller 4
1,5,Controller 11,Controller 13,Controller 9,Unassigned,Controller 10,Controller 20,Controller 6
1,6,Controller 16,Controller 20,Controller 10,Controller 2,Controller 22,Unassigned,Unassigned
1,7,Controller 9,Controller 6,Controller 22,Controller 2,Controller 8,Controller 10,Controller 20
1,8,Controller 9,Controller 8,Controller 18,Controller 19,Controller 2,Controller 13,Controller 22
1,9,Controller 18,Controller 21,Controller 3,Controller 9,Controller 7,Unassigned,Controller 2
1,10,Controller 2,Controller 10,Unassigned,Controller 8,Controller 16,Unassigned,Controller 20
1,11,Controller 7,Controller 12,Controller 20,Controller 19,Unassigned,Controller 17,Controller 18
1,12,Controller 20,Controller 11,Controller 1,Unassigned,Controller 18,Controller 7,Controller 9
1,13,Controller 19,Controller 10,Controller 21,Unassigned,Controller 16,Controller 15,Controller 7
1,14,Controller 17,Controller 16,Controller 15,Unassigned,Unassigned,Controller 0,Unassigned
1,15,Controller 2,Controller 11,Controller 16,Controller 5,Controller 12,Controller 14,Controller 21
1,16,Controller 5,Controller 9,Unassigned,Unassigned,Controller 12,Controller 13,Controller 0
2,1,Controller 2,Controller 6,Controller 1,Controller 15,Controller 12,Unassigned,Controller 22
2,2,Controller 4,Controller 15,Controller 14,Controller 20,Controller 17,Controller 13,Controller 11
2,3,Controller 6,Controller 18,Controller 3,Controller 22,Controller 11,Controller 17,Controller 4
2,4,Controller 12,Controller 10,Controller 18,Controller 9,Controller 5,Controller 3,Controller 13
2,5,Controller 17,Controller 7,Controller 13,Controller 15,Controller 18,Unassigned,Controller 5
2,6,Controller 12,Controller 6,Controller 9,Unassigned,Controller 22,Controller 20,Controller 19
2,7,Controller 14,Controller 4,Controller 20,Controller 16,Controller 1,Controller 11,Controller 18
2,8,Controller 17,Controller 7,Controller 11,Controller 2,Controller 4,Controller 9,Controller 12
2,9,Controller 21,Controller 11,Controller 3,Controller 9,Controller 13,Controller 16,Controller 17
2,10,Controller 5,Controller 6,Controller 10,Controller 9,Controller 21,Unassigned,Controller 7
2,11,Controller 8,Controller 12,Controller 2,Controller 9,Controller 7,Controller 14,Controller 10
2,12,Controller 12,Controller 7,Controller 6,Controller 10,Unassigned,Controller 4,Unassigned
2,13,Controller 5,Controller 20,Controller 16,Controller 21,Controller 9,Controller 11,Unassigned
2,14,Controller 22,Controller 4,Unassigned,Controller 21,Controller 1,Controller 6,Controller 14
2,15,Controller 1,Controller 22,Controller 20,Controller 15,Controller 17,Controller 4,Controller 3
2,16,Controller 20,Controller 15,Controller 3,Controller 7,Unassigned,Controller 22,Controller 12
3,1,Controller 2,Controller 7,Controller 14,Unassigned,Controller 18,Controller 5,Controller 16
3,2,Controller 19,Controller 9,Controller 1,Controller 15,Controller 18,Unassigned,Controller 7
3,3,Controller 1,Controller 16,Controller 4,Controller 18,Controller 0,Controller 22,Controller 21
3,4,Controller 18,Controller 14,Controller 4,Controller 17,Unassigned,Unassigned,Controller 3
3,5,Controller 17,Controller 15,Controller 9,Controller 2,Controller 6,Controller 11,Controller 3
3,6,Controller 8,Controller 12,Controller 21,Controller 5,Controller 14,Controller 22,Controller 20
3,7,Controller 15,Controller 3,Controller 8,Controller 19,Controller 5,Controller 21,Controller 14
3,8,Controller 12,Controller 16,Controller 6,Controller 15,Unassigned,Unassigned,Controller 7
3,9,Controller 1,Controller 17,Controller 20,Controller 22,Controller 8,Controller 6,Unassigned
3,10,Controller 21,Controller 15,Controller 11,Controller 13,Controller 4,Unassigned,Controller 20
3,11,Controller 14,Controller 5,Controller 10,Controller 12,Controller 11,Controller 9,Controller 15
3,12,Controller 19,Controller 7,Controller 9,Controller 11,Controller 21,Controller 20,Controller 0
3,13,Controller 1,Controller 4,Unassigned,Unassigned,Unassigned,Controller 7,Unassigned
3,14,Controller 9,Controller 13,Controller 11,Controller 7,Controller 1,Controller 8,Controller 21
3,15,Controller 5,Controller 21,Controller 15,Unassigned,Controller 4,Controller 11,Controller 3
3,16,Controller 14,Controller 7,Controller 0,Controller 22,Controller 4,Controller 13,Unassigned
4,1,Controller 11,Controller 13,Controller 12,Controller 6,Unassigned,Controller 1,Unassigned
4,2,Controller 5,Controller 17,Controller 16,Unassigned,Controller 4,Unassigned,Controller 13
4,3,Controller 18,Controller 3,Controller 22,Controller 16,Controller 13,Unassigned,Controller 1
4,4,Controller 16,Controller 10,Controller 22,Controller 21,Unassigned,Controller 4,Controller 20
4,5,Controller 14,Controller 13,Controller 20,Controller 4,Controller 10,Controller 16,Controller 1
4,6,Controller 3,Controller 18,Controller 20,Controller 15,Controller 1,Controller 5,Controller 11
4,7,Controller 13,Controller 10,Controller 11,Unassigned,Controller 22,Controller 7,Unassigned
4,8,Controller 12,Controller 17,Controller 13,Controller 20,Controller 22,Controller 9,Controller 15
4,9,Controller 2,Controller 16,Controller 10,Controller 5,Controller 7,Controller 14,Controller 4
4,10,Controller 16,Controller 22,Controller 10,Controller 2,Controller 8,Controller 12,Unassigned
4,11,Controller 7,Controller 4,Unassigned,Controller 1,Controller 17,Controller 20,Controller 2
4,12,Controller 4,Controller 19,Controller 9,Controller 17,Controller 15,Controller 21,Controller 2
4,13,Controller 6,Controller 16,Controller 2,Controller 7,Controller 9,Unassigned,Controller 18
4,14,Controller 8,Controller 2,Controller 17,Controller 19,Controller 11,Controller 22,Controller 1
4,15,Controller 5,Controller 2,Controller 17,Controller 16,Controller 15,Controller 1,Controller 7
4,16,Controller 15,Controller 20,Controller 7,Controller 1,Unassigned,Controller 9,Controller 4
5,1,Controller 22,Controller 4,Controller 5,Controller 12,Controller 14,Controller 9,Unassigned
5,2,Controller 1,Controller 6,Controller 10,Controller 16,Controller 22,Controller 11,Controller 12
5,3,Controller 10,Controller 15,Controller 21,Unassigned,Controller 1,Controller 16,Controller 17
5,4,Controller 4,Controller 12,Controller 8,Controller 13,Controller 5,Controller 2,Controller 21
5,5,Controller 21,Controller 15,Controller 9,Controller 6,Controller 12,Controller 3,Controller 5
5,6,Controller 15,Controller 19,Controller 10,Unassigned,Unassigned,Controller 18,Unassigned
5,7,Controller 14,Unassigned,Controller 9,Controller 4,Controller 13,Controller 20,Controller 16
5,8,Controller 12,Controller 14,Unassigned,Controller 11,Controller 7,Controller 6,Controller 19
5,9,Controller 11,Controller 20,Controller 2,Controller 7,Controller 12,Unassigned,Unassigned
5,10,Controller 20,Controller 10,Controller 9,Controller 14,Controller 7,Unassigned,Controller 1
5,11,Controller 10,Controller 8,Controller 18,Controller 15,Controller 4,Controller 11,Controller 3
5,12,Controller 18,Controller 1,Controller 9,Unassigned,Controller 7,Controller 3,Controller 21
5,13,Controller 14,Controller 19,Unassigned,Controller 9,Controller 6,Controller 2,Controller 16
5,14,Controller 4,Controller 10,Controller 1,Controller 3,Controller 2,Controller 22,Unassigned
5,15,Controller 20,Controller 2,Unassigned,Controller 19,Controller 13,Controller 6,Controller 14
5,16,Controller 12,Controller 2,Controller 6,Controller 10,Controller 21,Unassigned,Controller 9
6,1,Controller 12,Controller 10,Controller 14,Controller 6,Unassigned,Controller 7,Controller 0
6,2,Controller 13,Controller 18,Controller 16,Controller 2,Controller 21,Controller 19,Unassigned
6,3,Controller 3,Controller 16,Controller 7,Controller 0,Controller 18,Controller 15,Unassigned
6,4,Controller 3,Controller 12,Controller 16,Controller 5,Controller 0,Controller 6,Controller 18
6,5,Controller 10,Controller 9,Unassigned,Controller 14,Controller 0,Controller 11,Unassigned
6,6,Controller 7,Controller 3,Controller 2,Unassigned,Unassigned,Unassigned,Unassigned
6,7,Controller 0,Controller 11,Controller 4,Controller 21,Controller 12,Controller 15,Controller 6
6,8,Controller 6,Controller 4,Controller 5,Controller 15,Controller 20,Controller 13,Unassigned
6,9,Controller 9,Controller 5,Controller 2,Controller 1,Controller 21,Controller 0,Unassigned
6,10,Controller 0,Controller 6,Controller 16,Unassigned,Unassigned,Controller 8,Controller 14
6,11,Controller 14,Controller 1,Controller 12,Controller 4,Controller 17,Controller 20,Controller 18
6,12,Controller 1,Controller 4,Controller 0,Unassigned,Controller 15,Controller 12,Controller 14
6,13,Controller 7,Controller 20,Controller 15,Controller 8,Unassigned,Controller 13,Controller 21
6,14,Controller 10,Controller 14,Controller 17,Controller 0,Controller 18,Controller 22,Controller 19
6,15,Controller 21,Controller 5,Controller 10,Controller 14,Unassigned,Controller 19,Controller 13
6,16,Controller 5,Controller 3,Controller 17,Controller 16,Controller 20,Controller 14,Unassigned
7,1,Controller 18,Controller 11,Controller 3,Unassigned,Controller 5,Unassigned,Unassigned
7,2,Controller 1,Unassigned,Controller 8,Unassigned,Controller 5,Controller 13,Controller 0
7,3,Controller 6,Controller 18,Controller 0,Unassigned,Controller 7,Controller 4,Controller 1
7,4,Controller 6,Controller 2,Controller 22,Controller 19,Controller 16,Controller 13,Controller 11
7,5,Controller 15,Controller 11,Controller 5,Controller 16,Controller 19,Unassigned,Controller 18
7,6,Controller 12,Controller 16,Unassigned,Controller 19,Unassigned,Unassigned,Unassigned
7,7,Controller 3,Controller 20,Controller 2,Controller 22,Controller 19,Controller 8,Unassigned
7,8,Controller 2,Controller 8,Controller 21,Controller 13,Unassigned,Controller 17,Controller 11
7,9,Controller 10,Controller 0,Controller 2,Controller 17,Controller 8,Unassigned,Controller 21
7,10,Controller 8,Controller 17,Controller 3,Unassigned,Controller 6,Controller 13,Controller 19
7,11,Controller 6,Controller 5,Controller 15,Unassigned,Unassigned,Controller 19,Unassigned
7,12,Controller 5,Controller 1,Controller 8,Unassigned,Controller 18,Controller 0,Controller 11
7,13,Controller 10,Controller 21,Controller 22,Controller 11,Controller 1,Controller 15,Controller 14
7,14,Controller 10,Controller 21,Controller 17,Controller 11,Controller 14,Unassigned,Controller 0
7,15,Controller 5,Controller 21,Controller 10,Unassigned,Controller 8,Unassigned,Controller 14
7,16,Controller 21,Controller 18,Controller 6,Controller 22,Unassigned,Unassigned,Controller 5
