Day,Time Slot,Position 1,Position 2,Position 3,Position 4,Position 5,Position 6,Position 7
1,1,Controller 19,Controller 12,Controller 23,Controller 16,Controller 14,Controller 13,Controller 17
1,2,Controller 7,Controller 10,Controller 18,Controller 14,Controller 0,Controller 23,Controller 19
1,3,Controller 0,Controller 1,Controller 20,Controller 23,Controller 19,Unassigned,Unassigned
1,4,Controller 8,Controller 19,Controller 11,Controller 25,Controller 0,Controller 21,Controller 22
1,5,Controller 18,Controller 21,Controller 8,Controller 5,Controller 24,Controller 23,Controller 16
1,6,Controller 22,Controller 9,Controller 25,Controller 24,Controller 17,Controller 21,Controller 2
1,7,Controller 6,Controller 20,Controller 9,Controller 24,Controller 7,Controller 8,Controller 19
1,8,Controller 17,Controller 20,Controller 19,Controller 1,Controller 13,Unassigned,Controller 9
1,9,Controller 5,Controller 11,Controller 10,Controller 1,Unassigned,Controller 8,Controller 18
1,10,Controller 7,Controller 6,Controller 8,Unassigned,Controller 24,Controller 3,Controller 20
1,11,Controller 22,Controller 20,Controller 23,Controller 14,Controller 25,Controller 10,Controller 24
1,12,Controller 19,Controller 20,Unassigned,Controller 6,Controller 16,Unassigned,Controller 25
1,13,Controller 14,Controller 9,Controller 18,Controller 8,Controller 1,Controller 22,Controller 16
1,14,Controller 13,Controller 7,Controller 4,Controller 12,Controller 20,Unassigned,Controller 25
1,15,Controller 0,Controller 15,Controller 22,Controller 8,Controller 17,Controller 4,Controller 21
1,16,Controller 7,Controller 18,Controller 19,Controller 12,Controller 5,Controller 0,Controller 23
2,1,Controller 2,Controller 14,Controller 12,Controller 15,Controller 11,Controller 5,Unassigned
2,2,Controller 20,Controller 9,Controller 21,Controller 25,Controller 17,Unassigned,Controller 7
2,3,Controller 1,Controller 11,Controller 12,Unassigned,Controller 25,Controller 7,Controller 9
2,4,Controller 5,Controller 18,Unassigned,Controller 19,Controller 2,Controller 6,Controller 25
2,5,Controller 22,Controller 13,Controller 23,Controller 19,Controller 9,Controller 15,Unassigned
2,6,Controller 8,Unassigned,Controller 12,Controller 19,Controller 3,Controller 4,Unassigned
2,7,Controller 5,Controller 23,Unassigned,Unassigned,Controller 19,Controller 12,Controller 13
2,8,Controller 13,Controller 15,Controller 21,Controller 23,Controller 2,Controller 3,Controller 6
2,9,Controller 13,Controller 11,Controller 25,Controller 19,Controller 7,Unassigned,Controller 6
2,10,Controller 17,Controller 19,Controller 6,Controller 18,Controller 13,Controller 2,Controller 4
2,11,Controller 7,Controller 4,Unassigned,Controller 5,Controller 12,Controller 22,Controller 20
2,12,Controller 15,Controller 5,Controller 6,Controller 11,Controller 25,Controller 19,Controller 3
2,13,Controller 22,Controller 10,Controller 20,Controller 18,Controller 7,Controller 3,Controller 14
2,14,Controller 18,Controller 7,Controller 21,Controller 5,Controller 17,Controller 9,Unassigned
2,15,Controller 8,Controller 22,Controller 4,Controller 5,Controller 14,Controller 18,Controller 10
2,16,Controller 14,Controller 11,Controller 7,Controller 15,Controller 24,Controller 17,Controller 12
3,1,Controller 20,Controller 17,Controller 18,Controller 25,Controller 12,Unassigned,Controller 9
3,2,Controller 8,Controller 9,Controller 16,Controller 6,Controller 17,Controller 21,Unassigned
3,3,Controller 4,Controller 5,Controller 23,Controller 14,Controller 3,Unassigned,Controller 18
3,4,Controller 23,Controller 25,Controller 7,Controller 5,Controller 16,Controller 1,Controller 14
3,5,Controller 5,Controller 17,Controller 3,Controller 1,Controller 21,Controller 24,Unassigned
3,6,Controller 17,Controller 19,Controller 8,Controller 23,Controller 11,Controller 9,Controller 18
3,7,Controller 9,Controller 20,Controller 24,Controller 12,Unassigned,Controller 11,Controller 13
3,8,Controller 2,Controller 21,Controller 7,Controller 22,Controller 10,Controller 1,Unassigned
3,9,Controller 16,Controller 14,Controller 7,Controller 18,Controller 24,Controller 23,Controller 21
3,10,Controller 14,Controller 8,Unassigned,Controller 3,Controller 2,Controller 25,Controller 23
3,11,Controller 25,Controller 15,Controller 13,Unassigned,Controller 6,Controller 17,Controller 18
3,12,Controller 17,Controller 14,Unassigned,Controller 12,Controller 7,Controller 1,Controller 9
3,13,Controller 14,Controller 19,Controller 23,Controller 3,Controller 4,Controller 10,Controller 0
3,14,Controller 25,Controller 3,Controller 24,Controller 19,Controller 20,Unassigned,Controller 5
3,15,Controller 16,Controller 25,Controller 5,Controller 11,Controller 9,Controller 15,Controller 14
3,16,Controller 5,Controller 9,Controller 21,Controller 13,Unassigned,Controller 20,Controller 4
4,1,Controller 7,Controller 4,Controller 22,Controller 24,Controller 6,Controller 20,Controller 12
4,2,Controller 19,Controller 13,Controller 3,Controller 16,Controller 4,Controller 14,Unassigned
4,3,Controller 7,Controller 18,Controller 21,Controller 24,Controller 25,Controller 12,Controller 9
4,4,Controller 12,Controller 16,Controller 15,Unassigned,Controller 3,Unassigned,Controller 13
4,5,Controller 12,Controller 13,Unassigned,Controller 10,Controller 5,Controller 4,Controller 7
4,6,Controller 17,Controller 7,Unassigned,Controller 11,Controller 1,Controller 9,Unassigned
4,7,Controller 16,Controller 22,Unassigned,Controller 9,Unassigned,Controller 18,Controller 12
4,8,Controller 17,Controller 19,Controller 24,Controller 8,Controller 2,Controller 12,Controller 11
4,9,Controller 19,Controller 3,Controller 2,Controller 25,Controller 15,Controller 23,Controller 6
4,10,Controller 25,Controller 6,Controller 24,Controller 20,Controller 3,Controller 13,Controller 10
4,11,Controller 7,Controller 18,Controller 14,Unassigned,Controller 1,Controller 25,Controller 6
4,12,Controller 4,Controller 24,Controller 20,Controller 14,Controller 19,Controller 23,Controller 3
4,13,Controller 2,Controller 1,Controller 4,Controller 20,Controller 10,Controller 12,Controller 5
4,14,Controller 19,Controller 15,Controller 5,Controller 14,Controller 22,Unassigned,Controller 7
4,15,Controller 3,Controller 24,Controller 20,Controller 14,Controller 15,Controller 17,Controller 2
4,16,Controller 15,Controller 11,Unassigned,Controller 9,Controller 13,Controller 18,Controller 25
5,1,Controller 22,Controller 25,Controller 10,Controller 5,Controller 8,Controller 20,Controller 14
5,2,Controller 9,Controller 3,Controller 17,Controller 14,Controller 2,Controller 4,Controller 19
5,3,Controller 4,Unassigned,Controller 14,Controller 8,Controller 22,Controller 16,Controller 9
5,4,Controller 7,Controller 19,Controller 12,Controller 13,Unassigned,Controller 15,Controller 22
5,5,Controller 3,Controller 2,Controller 16,Controller 10,Controller 4,Controller 20,Controller 9
5,6,Controller 20,Controller 10,Controller 3,Controller 14,Controller 17,Controller 23,Controller 2
5,7,Controller 25,Controller 15,Controller 8,Controller 11,Controller 19,Controller 3,Controller 6
5,8,Controller 9,Controller 18,Controller 3,Controller 1,Controller 19,Controller 25,Unassigned
5,9,Controller 25,Controller 9,Controller 10,Controller 3,Unassigned,Controller 13,Controller 2
5,10,Controller 24,Unassigned,Controller 21,Controller 15,Controller 23,Controller 6,Controller 13
5,11,Controller 24,Controller 13,Controller 18,Controller 11,Controller 25,Unassigned,Controller 15
5,12,Controller 20,Controller 7,Controller 13,Controller 8,Controller 16,Controller 21,Unassigned
5,13,Controller 13,Controller 17,Controller 4,Controller 9,Controller 12,Controller 6,Unassigned
5,14,Controller 11,Controller 17,Controller 22,Controller 19,Controller 12,Controller 13,Unassigned
5,15,Controller 10,Controller 18,Controller 24,Controller 2,Controller 6,Controller 17,Unassigned
5,16,Controller 8,Controller 4,Controller 2,Controller 20,Controller 13,Controller 17,Controller 12
6,1,Controller 24,Controller 8,Controller 13,Controller 20,Controller 0,Controller 17,Controller 16
6,2,Controller 15,Controller 3,Controller 8,Controller 25,Controller 12,Controller 2,Controller 0
6,3,Controller 10,Controller 24,Controller 12,Controller 7,Controller 21,Unassigned,Unassigned
6,4,Controller 12,Controller 17,Controller 14,Controller 18,Controller 9,Controller 1,Controller 0
6,5,Controller 25,Controller 12,Controller 1,Controller 22,Unassigned,Controller 20,Controller 0
6,6,Controller 20,Controller 24,Controller 18,Unassigned,Controller 3,Controller 17,Controller 10
6,7,Controller 13,Controller 9,Controller 21,Controller 22,Controller 20,Controller 6,Controller 1
6,8,Controller 17,Controller 10,Controller 6,Controller 25,Controller 19,Controller 3,Unassigned
6,9,Controller 20,Controller 13,Controller 4,Controller 19,Controller 3,Unassigned,Controller 14
6,10,Controller 8,Controller 7,Controller 3,Controller 1,Unassigned,Controller 5,Controller 21
6,11,Controller 22,Controller 8,Unassigned,Controller 6,Controller 12,Controller 24,Controller 3
6,12,Controller 16,Controller 19,Controller 0,Controller 7,Unassigned,Controller 11,Controller 23
6,13,Controller 6,Controller 24,Controller 23,Controller 18,Controller 19,Controller 11,Controller 8
6,14,Controller 6,Controller 16,Controller 10,Controller 5,Controller 17,Unassigned,Controller 3
6,15,Controller 12,Controller 10,Controller 18,Controller 5,Unassigned,Controller 2,Unassigned
6,16,Controller 23,Controller 12,Controller 9,Controller 22,Controller 18,Controller 17,Controller 8
7,1,Controller 0,Controller 6,Controller 12,Controller 16,Controller 10,Unassigned,Controller 13
7,2,Controller 17,Controller 9,Controller 1,Controller 6,Unassigned,Unassigned,Unassigned
7,3,Controller 21,Controller 18,Controller 10,Controller 14,Controller 7,Controller 11,Controller 13
7,4,Controller 17,Controller 8,Controller 21,Controller 20,Controller 22,Controller 4,Controller 25
7,5,Controller 1,Controller 6,Controller 4,Controller 9,Unassigned,Controller 20,Controller 11
7,6,Controller 18,Controller 5,Controller 11,Controller 14,Unassigned,Controller 21,Unassigned
7,7,Controller 17,Controller 15,Controller 11,Controller 20,Unassigned,Unassigned,Controller 18
7,8,Controller 18,Controller 25,Controller 1,Unassigned,Controller 10,Controller 2,Unassigned
7,9,Controller 7,Controller 5,Unassigned,Controller 3,Unassigned,Controller 14,Controller 18
7,10,Controller 21,Controller 0,Controller 6,Controller 5,Controller 24,Unassigned,Controller 9
7,11,Controller 6,Controller 1,Controller 2,Controller 8,Unassigned,Controller 21,Controller 15
7,12,Controller 5,Controller 10,Controller 0,Unassigned,Controller 2,Controller 8,Controller 21
7,13,Controller 14,Controller 16,Controller 0,Controller 23,Controller 22,Unassigned,Controller 6
7,14,Controller 11,Controller 6,Controller 25,Controller 21,Controller 22,Controller 14,Unassigned
7,15,Controller 5,Controller 13,Controller 10,Controller 2,Controller 8,Unassigned,Controller 16
7,16,Controller 14,Controller 21,Controller 0,Controller 5,Controller 11,Controller 13,Controller 2
