Day,Time Slot,Position 1,Position 2,Position 3,Position 4,Position 5,Position 6,Position 7
1,1,Controller 25,Controller 10,Controller 18,Controller 14,Controller 15,Controller 12,Controller 2
1,2,Controller 16,Controller 22,Controller 0,Unassigned,Controller 13,Controller 24,Controller 10
1,3,Controller 24,Controller 16,Controller 12,Controller 1,Controller 9,Unassigned,Controller 13
1,4,Controller 3,Controller 21,Controller 18,Controller 14,Unassigned,Controller 1,Controller 22
1,5,Controller 1,Controller 5,Controller 8,Controller 19,Unassigned,Controller 0,Unassigned
1,6,Controller 0,Controller 24,Controller 7,Controller 4,Controller 18,Controller 3,Controller 12
1,7,Controller 20,Controller 11,Controller 21,Controller 22,Controller 4,Controller 16,Controller 13
1,8,Controller 25,Controller 13,Controller 23,Controller 9,Unassigned,Controller 8,Controller 17
1,9,Controller 3,Controller 11,Controller 10,Controller 21,Controller 1,Controller 22,Unassigned
1,10,Controller 9,Controller 21,Controller 25,Controller 8,Unassigned,Controller 24,Controller 3
1,11,Controller 25,Controller 9,Controller 1,Controller 13,Controller 2,Controller 4,Unassigned
1,12,Controller 21,Controller 11,Controller 23,Unassigned,Controller 10,Controller 20,Unassigned
1,13,Controller 4,Controller 6,Controller 16,Controller 15,Controller 1,Controller 25,Controller 3
1,14,Controller 5,Controller 21,Controller 25,Controller 1,Controller 11,Unassigned,Controller 17
1,15,Controller 12,Controller 17,Controller 18,Controller 2,Unassigned,Controller 24,Controller 1
1,16,Controller 22,Controller 9,Controller 20,Controller 6,Controller 10,Unassigned,Unassigned
2,1,Controller 12,Controller 2,Controller 7,Controller 5,Unassigned,Controller 8,Controller 4
2,2,Controller 19,Controller 25,Controller 17,Controller 24,Unassigned,Controller 10,Controller 18
2,3,Controller 15,Controller 1,Controller 6,Controller 19,Controller 2,Controller 5,Controller 9
2,4,Controller 17,Controller 4,Controller 3,Controller 21,Controller 13,Controller 9,Controller 18
2,5,Controller 9,Controller 20,Controller 1,Controller 22,Controller 2,Unassigned,Controller 5
2,6,Controller 10,Controller 15,Controller 1,Controller 22,Controller 25,Controller 3,Controller 18
2,7,Controller 8,Controller 16,Controller 25,Controller 9,Controller 13,Controller 10,Controller 18
2,8,Controller 25,Controller 11,Unassigned,Controller 20,Controller 3,Controller 14,Controller 6
2,9,Controller 3,Controller 10,Controller 17,Unassigned,Controller 25,Controller 9,Unassigned
2,10,Controller 2,Controller 5,Controller 12,Controller 4,Controller 19,Unassigned,Controller 8
2,11,Controller 2,Controller 16,Controller 22,Controller 17,Controller 7,Unassigned,Controller 20
2,12,Controller 13,Controller 1,Controller 11,Unassigned,Controller 9,Unassigned,Unassigned
2,13,Controller 10,Unassigned,Controller 17,Controller 1,Unassigned,Controller 3,Controller 14
2,14,Controller 3,Controller 9,Controller 6,Controller 17,Controller 12,Controller 23,Unassigned
2,15,Controller 13,Controller 24,Unassigned,Controller 15,Controller 7,Controller 18,Controller 17
2,16,Controller 9,Unassigned,Controller 23,Controller 7,Controller 10,Controller 19,Controller 18
3,1,Controller 22,Controller 8,Controller 15,Unassigned,Controller 14,Unassigned,Controller 10
3,2,Controller 10,Controller 21,Controller 23,Controller 7,Controller 14,Controller 15,Controller 22
3,3,Controller 8,Unassigned,Controller 22,Controller 13,Controller 3,Controller 14,Controller 24
3,4,Controller 1,Controller 22,Controller 21,Controller 20,Unassigned,Controller 0,Controller 18
3,5,Controller 22,Controller 13,Controller 14,Controller 24,Controller 10,Unassigned,Controller 1
3,6,Controller 16,Controller 13,Controller 9,Controller 1,Unassigned,Unassigned,Unassigned
3,7,Controller 4,Controller 12,Controller 25,Controller 5,Controller 18,Controller 10,Controller 9
3,8,Controller 9,Controller 13,Controller 1,Controller 7,Controller 8,Controller 11,Controller 3
3,9,Controller 1,Controller 8,Unassigned,Unassigned,Controller 14,Controller 11,Controller 4
3,10,Controller 1,Controller 9,Controller 19,Controller 22,Controller 2,Controller 6,Unassigned
3,11,Controller 13,Controller 8,Controller 22,Controller 3,Controller 7,Controller 4,Controller 21
3,12,Controller 10,Controller 22,Controller 23,Unassigned,Unassigned,Controller 19,Controller 6
3,13,Controller 9,Controller 5,Controller 10,Controller 6,Unassigned,Controller 2,Controller 1
3,14,Controller 5,Controller 1,Controller 0,Controller 9,Controller 3,Controller 14,Controller 22
3,15,Controller 6,Controller 1,Controller 2,Controller 23,Controller 17,Controller 25,Controller 15
3,16,Controller 20,Controller 2,Controller 22,Controller 3,Controller 23,Controller 25,Controller 13
4,1,Controller 19,Unassigned,Controller 2,Controller 8,Controller 3,Controller 10,Controller 22
4,2,Controller 21,Controller 25,Controller 8,Controller 11,Unassigned,Controller 1,Unassigned
4,3,Controller 9,Unassigned,Controller 13,Controller 22,Unassigned,Unassigned,Controller 1
4,4,Controller 20,Controller 16,Controller 17,Controller 7,Controller 1,Controller 12,Controller 23
4,5,Controller 3,Controller 11,Unassigned,Controller 9,Unassigned,Unassigned,Controller 13
4,6,Controller 14,Controller 1,Controller 3,Controller 7,Controller 22,Controller 4,Controller 23
4,7,Controller 10,Controller 23,Controller 25,Controller 7,Controller 9,Controller 22,Unassigned
4,8,Controller 16,Controller 22,Controller 17,Controller 7,Controller 12,Controller 1,Controller 9
4,9,Controller 15,Controller 10,Controller 16,Controller 9,Unassigned,Controller 18,Controller 25
4,10,Controller 10,Controller 6,Controller 22,Unassigned,Controller 2,Unassigned,Controller 21
4,11,Controller 22,Controller 7,Controller 10,Controller 18,Unassigned,Controller 3,Controller 16
4,12,Controller 15,Controller 12,Controller 22,Unassigned,Controller 19,Controller 3,Controller 20
4,13,Controller 9,Controller 1,Controller 22,Controller 16,Controller 17,Controller 25,Controller 10
4,14,Controller 22,Controller 9,Controller 1,Controller 3,Controller 4,Unassigned,Unassigned
4,15,Controller 7,Controller 19,Unassigned,Controller 22,Controller 10,Controller 23,Controller 6
4,16,Controller 21,Controller 25,Controller 3,Controller 1,Controller 22,Controller 4,Controller 24
5,1,Controller 4,Controller 25,Controller 18,Controller 22,Controller 3,Controller 10,Controller 23
5,2,Controller 23,Controller 9,Controller 18,Unassigned,Unassigned,Controller 11,Controller 2
5,3,Controller 15,Controller 3,Controller 20,Controller 23,Controller 10,Controller 9,Controller 17
5,4,Controller 8,Controller 6,Controller 22,Controller 24,Unassigned,Controller 9,Controller 1
5,5,Controller 4,Controller 8,Controller 21,Controller 10,Unassigned,Controller 25,Controller 3
5,6,Controller 25,Controller 8,Controller 3,Controller 10,Unassigned,Unassigned,Controller 9
5,7,Controller 25,Controller 4,Controller 13,Controller 10,Controller 23,Controller 9,Controller 8
5,8,Controller 9,Controller 5,Controller 25,Controller 3,Controller 16,Unassigned,Controller 13
5,9,Controller 15,Controller 17,Controller 10,Unassigned,Controller 1,Controller 25,Unassigned
5,10,Controller 17,Controller 3,Controller 25,Controller 13,Unassigned,Controller 4,Unassigned
5,11,Controller 7,Controller 15,Controller 12,Controller 10,Controller 23,Controller 17,Controller 24
5,12,Controller 20,Controller 19,Controller 8,Controller 13,Unassigned,Controller 3,Unassigned
5,13,Controller 10,Controller 3,Controller 14,Controller 21,Controller 5,Controller 4,Unassigned
5,14,Controller 25,Controller 13,Controller 6,Unassigned,Controller 3,Unassigned,Controller 23
5,15,Controller 24,Controller 13,Controller 8,Controller 23,Controller 16,Controller 11,Controller 12
5,16,Controller 25,Controller 16,Controller 13,Unassigned,Unassigned,Unassigned,Unassigned
6,1,Controller 25,Unassigned,Controller 15,Controller 0,Controller 13,Controller 8,Controller 23
6,2,Controller 5,Controller 18,Unassigned,Controller 13,Controller 14,Controller 25,Unassigned
6,3,Controller 15,Unassigned,Controller 5,Controller 19,Controller 25,Unassigned,Unassigned
6,4,Controller 25,Controller 18,Controller 21,Controller 15,Controller 2,Unassigned,Unassigned
6,5,Controller 4,Controller 23,Controller 15,Controller 13,Controller 8,Controller 16,Controller 5
6,6,Controller 15,Controller 5,Controller 14,Controller 7,Controller 11,Unassigned,Unassigned
6,7,Controller 13,Controller 15,Unassigned,Controller 18,Controller 5,Unassigned,Unassigned
6,8,Controller 5,Controller 13,Controller 15,Unassigned,Controller 17,Controller 16,Unassigned
6,9,Controller 8,Controller 11,Controller 5,Controller 12,Controller 15,Controller 13,Controller 4
6,10,Controller 5,Controller 17,Controller 15,Controller 13,Controller 16,Unassigned,Unassigned
6,11,Controller 5,Controller 13,Unassigned,Controller 21,Controller 24,Unassigned,Unassigned
6,12,Controller 15,Controller 5,Controller 20,Unassigned,Unassigned,Unassigned,Unassigned
6,13,Controller 15,Controller 14,Controller 2,Unassigned,Unassigned,Unassigned,Controller 16
6,14,Controller 15,Controller 5,Unassigned,Unassigned,Unassigned,Unassigned,Unassigned
6,15,Controller 15,Unassigned,Unassigned,Controller 19,Controller 5,Unassigned,Unassigned
6,16,Controller 23,Controller 5,Unassigned,Unassigned,Controller 15,Controller 2,Unassigned
7,1,Controller 15,Controller 6,Unassigned,Unassigned,Controller 5,Unassigned,Controller 14
7,2,Controller 6,Unassigned,Controller 5,Controller 15,Unassigned,Unassigned,Controller 20
7,3,Controller 6,Unassigned,Controller 15,Unassigned,Controller 19,Unassigned,Unassigned
7,4,Controller 24,Controller 6,Controller 5,Controller 7,Unassigned,Unassigned,Unassigned
7,5,Controller 6,Controller 15,Unassigned,Unassigned,Unassigned,Unassigned,Controller 5
7,6,Controller 6,Controller 15,Unassigned,Unassigned,Unassigned,Controller 7,Controller 5
7,7,Controller 5,Controller 6,Unassigned,Unassigned,Unassigned,Unassigned,Unassigned
7,8,Controller 6,Controller 4,Unassigned,Unassigned,Controller 5,Unassigned,Unassigned
7,9,Controller 23,Controller 7,Controller 5,Unassigned,Controller 20,Unassigned,Unassigned
7,10,Controller 6,Unassigned,Unassigned,Unassigned,Unassigned,Unassigned,Controller 17
7,11,Controller 6,Unassigned,Controller 7,Controller 17,Unassigned,Unassigned,Controller 11
7,12,Controller 6,Controller 17,Unassigned,Unassigned,Unassigned,Unassigned,Unassigned
7,13,Controller 19,Controller 6,Unassigned,Unassigned,Unassigned,Unassigned,Unassigned
7,14,Controller 6,Unassigned,Controller 17,Unassigned,Unassigned,Unassigned,Unassigned
7,15,Controller 6,Controller 21,Unassigned,Unassigned,Unassigned,Unassigned,Unassigned
7,16,Controller 7,Unassigned,Controller 23,Controller 6,Controller 19,Controller 17,Controller 20
